{
	"credit": "Made with Blockbench",
	"textures": {
		"0": "./texture1",
		"1": "./texture2",
		"2": "./texture3_e",
		"particle": "./texture1"
	},
	"elements": [
		{
			"from": [7.25, 0, 7.25],
			"to": [8.75, 1, 8.75],
			"rotation": {"angle": 0, "axis": "y", "origin": [6.5, 0, 6.5]},
			"faces": {
				"north": {"uv": [2, 0, 4, 1], "texture": "#2"},
				"east": {"uv": [2, 1, 4, 2], "texture": "#2"},
				"south": {"uv": [2, 2, 4, 3], "texture": "#2"},
				"west": {"uv": [2, 3, 4, 4], "texture": "#2"},
				"up": {"uv": [2, 2, 0, 0], "texture": "#2"},
				"down": {"uv": [2, 2, 0, 4], "texture": "#2"}
			}
		},
		{
			"from": [7.5, -0.25, 7.5],
			"to": [8.5, 0, 8.5],
			"rotation": {"angle": 0, "axis": "y", "origin": [6.5, 0, 6.5]},
			"faces": {
				"north": {"uv": [2, 0, 4, 1], "texture": "#2"},
				"east": {"uv": [2, 1, 4, 2], "texture": "#2"},
				"south": {"uv": [2, 2, 4, 3], "texture": "#2"},
				"west": {"uv": [2, 3, 4, 4], "texture": "#2"},
				"up": {"uv": [2, 2, 0, 0], "texture": "#2"},
				"down": {"uv": [2, 2, 0, 4], "texture": "#2"}
			}
		},
		{
			"from": [7.5, 1, 7.5],
			"to": [8.5, 5, 8.5],
			"rotation": {"angle": 0, "axis": "y", "origin": [6.5, 1, 6.5]},
			"faces": {
				"north": {"uv": [0, 0, 1, 4], "texture": "#0"},
				"east": {"uv": [1, 0, 2, 4], "texture": "#0"},
				"south": {"uv": [2, 0, 3, 4], "texture": "#0"},
				"west": {"uv": [3, 0, 4, 4], "texture": "#0"},
				"up": {"uv": [1, 5, 0, 4], "texture": "#0"},
				"down": {"uv": [5, 0, 4, 1], "texture": "#0"}
			}
		},
		{
			"from": [7.25, 5.25, 7.5],
			"to": [8.75, 6.25, 8.5],
			"rotation": {"angle": 0, "axis": "y", "origin": [6.5, 5.25, 6.5]},
			"faces": {
				"north": {"uv": [0, 0, 2, 1], "texture": "#1"},
				"east": {"uv": [2, 1, 3, 2], "texture": "#2"},
				"south": {"uv": [0, 1, 2, 2], "texture": "#1"},
				"west": {"uv": [2, 2, 3, 3], "texture": "#2"},
				"up": {"uv": [2, 3, 0, 2], "texture": "#1"},
				"down": {"uv": [4, 0, 2, 1], "texture": "#1"}
			}
		},
		{
			"from": [7.5, 5, 7.5],
			"to": [8.5, 5.25, 8.5],
			"rotation": {"angle": 0, "axis": "y", "origin": [6.5, 5, 6.5]},
			"faces": {
				"north": {"uv": [0, 0, 1, 0.25], "texture": "#1"},
				"east": {"uv": [0, 0, 1, 0.25], "texture": "#1"},
				"south": {"uv": [0, 0, 1, 0.25], "texture": "#1"},
				"west": {"uv": [0, 0, 1, 0.25], "texture": "#1"},
				"up": {"uv": [0, 0, 1, 1], "texture": "#missing"},
				"down": {"uv": [0, 0, 1, 1], "texture": "#missing"}
			}
		},
		{
			"from": [7.5, 5.25, 8.75],
			"to": [8.5, 5.75, 9.75],
			"rotation": {"angle": 0, "axis": "y", "origin": [6.5, 5.25, 7.75]},
			"faces": {
				"north": {"uv": [0, 0, 1, 0.5], "texture": "#missing"},
				"east": {"uv": [0, 0, 1, 0.5], "texture": "#1"},
				"south": {"uv": [0, 0, 1, 0.5], "texture": "#1"},
				"west": {"uv": [0, 0, 1, 0.5], "texture": "#1"},
				"up": {"uv": [0, 0, 1, 1], "texture": "#1"},
				"down": {"uv": [0, 0, 1, 1], "texture": "#1"}
			}
		},
		{
			"from": [7.5, 5.25, 4.25],
			"to": [8.5, 5.75, 7.25],
			"rotation": {"angle": 0, "axis": "y", "origin": [6.5, 5.25, 5.25]},
			"faces": {
				"north": {"uv": [0, 0, 1, 0.5], "texture": "#1"},
				"east": {"uv": [0, 0, 3, 0.5], "texture": "#1"},
				"south": {"uv": [0, 0, 1, 0.5], "texture": "#missing"},
				"west": {"uv": [0, 0, 3, 0.5], "texture": "#1"},
				"up": {"uv": [0, 0, 1, 3], "texture": "#1"},
				"down": {"uv": [0, 0, 1, 3], "texture": "#1"}
			}
		},
		{
			"from": [7.5, 5.25, 7.25],
			"to": [8.5, 6.25, 7.5],
			"rotation": {"angle": 0, "axis": "x", "origin": [6.5, 4.25, 7.5]},
			"faces": {
				"north": {"uv": [0, 0, 1, 1], "rotation": 180, "texture": "#1"},
				"east": {"uv": [0, 0, 1, 0.25], "rotation": 90, "texture": "#1"},
				"south": {"uv": [0, 0, 1, 1], "texture": "#missing"},
				"west": {"uv": [0, 0, 1, 0.25], "rotation": 270, "texture": "#1"},
				"up": {"uv": [0, 0, 1, 0.25], "texture": "#1"},
				"down": {"uv": [0, 0, 1, 0.25], "rotation": 180, "texture": "#1"}
			}
		},
		{
			"from": [7.5, 5.25, 8.5],
			"to": [8.5, 6.25, 8.75],
			"rotation": {"angle": 0, "axis": "y", "origin": [6.5, 4.25, 8.75]},
			"faces": {
				"north": {"uv": [0, 0, 1, 1], "rotation": 180, "texture": "#missing"},
				"east": {"uv": [0, 0, 1, 0.25], "rotation": 90, "texture": "#1"},
				"south": {"uv": [0, 0, 1, 1], "texture": "#1"},
				"west": {"uv": [0, 0, 1, 0.25], "rotation": 270, "texture": "#1"},
				"up": {"uv": [0, 0, 1, 0.25], "texture": "#1"},
				"down": {"uv": [0, 0, 1, 0.25], "rotation": 180, "texture": "#1"}
			}
		},
		{
			"from": [7.5, 6.25, 7.5],
			"to": [8.5, 6.5, 8.5],
			"rotation": {"angle": 0, "axis": "y", "origin": [6.5, 6.25, 6.5]},
			"faces": {
				"north": {"uv": [0, 0, 1, 0.25], "texture": "#1"},
				"east": {"uv": [0, 0, 1, 0.25], "texture": "#1"},
				"south": {"uv": [0, 0, 1, 0.25], "texture": "#1"},
				"west": {"uv": [0, 0, 1, 0.25], "texture": "#1"},
				"up": {"uv": [0, 0, 1, 1], "texture": "#1"},
				"down": {"uv": [0, 0, 1, 1], "texture": "#missing"}
			}
		},
		{
			"from": [7.75, 6.5, 7.5],
			"to": [8.25, 7.75, 8.5],
			"rotation": {"angle": 0, "axis": "y", "origin": [6.5, 6.5, 6.5]},
			"faces": {
				"north": {"uv": [0, 0, 0.5, 1.25], "texture": "#1"},
				"east": {"uv": [0, 0, 1, 1.25], "texture": "#1"},
				"south": {"uv": [0, 0, 0.5, 1.25], "texture": "#1"},
				"west": {"uv": [0, 0, 1, 1.25], "texture": "#1"},
				"up": {"uv": [0, 0, 0.5, 1], "texture": "#1"},
				"down": {"uv": [0, 0, 0.5, 1], "texture": "#missing"}
			}
		},
		{
			"from": [7.75, 5.75, 4.5],
			"to": [8, 7, 5.5],
			"rotation": {"angle": 0, "axis": "y", "origin": [6.5, 5.75, 3.5]},
			"faces": {
				"north": {"uv": [0, 0, 0.25, 1.25], "texture": "#2"},
				"east": {"uv": [0, 0, 1, 1.25], "texture": "#0"},
				"south": {"uv": [0, 0, 0.25, 1.25], "texture": "#0"},
				"west": {"uv": [0, 0, 1, 1.25], "texture": "#0"},
				"up": {"uv": [0, 0, 0.25, 1], "texture": "#2"},
				"down": {"uv": [0, 0, 0.25, 1], "texture": "#missing"}
			}
		},
		{
			"from": [7.75, 5.75, 3.25],
			"to": [8, 6.25, 4.5],
			"rotation": {"angle": 0, "axis": "y", "origin": [6.5, 5.75, 3.5]},
			"faces": {
				"north": {"uv": [0, 0, 0.25, 0.5], "texture": "#2"},
				"east": {"uv": [0, 0, 1.25, 0.5], "texture": "#2"},
				"south": {"uv": [0, 0, 0.25, 0.5], "texture": "#missing"},
				"west": {"uv": [0, 0, 1.25, 0.5], "texture": "#2"},
				"up": {"uv": [0, 0, 0.25, 1.25], "texture": "#2"},
				"down": {"uv": [0, 0, 0.25, 1.25], "texture": "#0"}
			}
		},
		{
			"from": [7.75, 7, 5],
			"to": [8, 7.75, 6],
			"rotation": {"angle": 0, "axis": "y", "origin": [6.5, 7, 4]},
			"faces": {
				"north": {"uv": [0, 0, 0.25, 0.75], "texture": "#2"},
				"east": {"uv": [0, 0, 1, 0.75], "texture": "#0"},
				"south": {"uv": [0, 0, 0.25, 0.75], "texture": "#0"},
				"west": {"uv": [0, 0, 1, 0.75], "texture": "#0"},
				"up": {"uv": [0, 0, 0.25, 1], "texture": "#2"},
				"down": {"uv": [0, 0, 0.25, 1], "texture": "#0"}
			}
		},
		{
			"from": [7.75, 6.5, 5],
			"to": [8, 7.75, 5.5],
			"rotation": {"angle": -45, "axis": "x", "origin": [6.5, 7, 4]},
			"faces": {
				"north": {"uv": [0, 0, 0.25, 1.25], "texture": "#2"},
				"east": {"uv": [0, 0, 0.5, 1.25], "texture": "#2"},
				"south": {"uv": [0, 0, 0.25, 1.25], "texture": "#2"},
				"west": {"uv": [0, 0, 0.5, 1.25], "texture": "#2"},
				"up": {"uv": [0, 0, 0.25, 0.5], "texture": "#2"},
				"down": {"uv": [0, 0, 0.25, 0.5], "texture": "#missing"}
			}
		},
		{
			"from": [7.75, 7.5, 6],
			"to": [8, 8.25, 7],
			"rotation": {"angle": 0, "axis": "y", "origin": [6.5, 7.5, 5]},
			"faces": {
				"north": {"uv": [0, 0, 0.25, 0.75], "texture": "#2"},
				"east": {"uv": [0, 0, 1, 0.75], "texture": "#0"},
				"south": {"uv": [0, 0, 0.25, 0.75], "texture": "#0"},
				"west": {"uv": [0, 0, 1, 0.75], "texture": "#0"},
				"up": {"uv": [0, 0, 0.25, 1], "texture": "#2"},
				"down": {"uv": [0, 0, 0.25, 1], "texture": "#0"}
			}
		},
		{
			"from": [7.75, 7.5, 9],
			"to": [8, 8.25, 10],
			"rotation": {"angle": 0, "axis": "y", "origin": [6.5, 7.5, 8]},
			"faces": {
				"north": {"uv": [0, 0, 0.25, 0.75], "texture": "#0"},
				"east": {"uv": [0, 0, 1, 0.75], "texture": "#0"},
				"south": {"uv": [0, 0, 0.25, 0.75], "texture": "#2"},
				"west": {"uv": [0, 0, 1, 0.75], "texture": "#0"},
				"up": {"uv": [0, 0, 0.25, 1], "texture": "#2"},
				"down": {"uv": [0, 0, 0.25, 1], "texture": "#0"}
			}
		},
		{
			"from": [7.75, 7.5, 10],
			"to": [8, 7.75, 10.75],
			"rotation": {"angle": 0, "axis": "y", "origin": [6.5, 7.5, 8]},
			"faces": {
				"north": {"uv": [0, 0, 0.25, 0.25], "texture": "#missing"},
				"east": {"uv": [0, 0, 0.75, 0.25], "texture": "#0"},
				"south": {"uv": [0, 0, 0.25, 0.25], "texture": "#2"},
				"west": {"uv": [0, 0, 0.75, 0.25], "texture": "#0"},
				"up": {"uv": [0, 0, 0.25, 0.75], "texture": "#2"},
				"down": {"uv": [0, 0, 0.25, 0.75], "texture": "#0"}
			}
		},
		{
			"from": [7.75, 9.5, 9.25],
			"to": [8, 10.75, 9.75],
			"rotation": {"angle": 45, "axis": "x", "origin": [6.5, 8.5, 8]},
			"faces": {
				"north": {"uv": [0, 0, 0.25, 1.25], "texture": "#2"},
				"east": {"uv": [0, 0, 0.5, 1.25], "texture": "#2"},
				"south": {"uv": [0, 0, 0.25, 1.25], "texture": "#2"},
				"west": {"uv": [0, 0, 0.5, 1.25], "texture": "#2"},
				"up": {"uv": [0, 0, 0.25, 0.5], "texture": "#2"},
				"down": {"uv": [0, 0, 0.25, 0.5], "texture": "#missing"}
			}
		},
		{
			"from": [7.75, 8, 7],
			"to": [8, 8.75, 9],
			"rotation": {"angle": 0, "axis": "y", "origin": [6.5, 8, 6]},
			"faces": {
				"north": {"uv": [0, 0, 0.25, 0.75], "texture": "#2"},
				"east": {"uv": [0, 0, 2, 0.75], "texture": "#0"},
				"south": {"uv": [0, 0, 0.25, 0.75], "texture": "#2"},
				"west": {"uv": [0, 0, 2, 0.75], "texture": "#0"},
				"up": {"uv": [0, 0, 0.25, 2], "texture": "#2"},
				"down": {"uv": [0, 0, 0.25, 2], "texture": "#0"}
			}
		},
		{
			"from": [7.75, 8.75, 7.5],
			"to": [8, 22.75, 8.5],
			"rotation": {"angle": 0, "axis": "y", "origin": [6.5, 9, 6]},
			"faces": {
				"north": {"uv": [0, 0, 0.25, 14], "texture": "#missing"},
				"east": {"uv": [0, 0, 1, 14], "texture": "#0"},
				"south": {"uv": [0, 0, 0.25, 14], "texture": "#missing"},
				"west": {"uv": [0, 0, 1, 14], "texture": "#0"},
				"up": {"uv": [0, 0, 0.25, 1], "texture": "#missing"},
				"down": {"uv": [0, 0, 0.25, 1], "texture": "#missing"}
			}
		},
		{
			"from": [7.75, 8.75, 7.25],
			"to": [8, 22.75, 7.5],
			"rotation": {"angle": 0, "axis": "y", "origin": [6.5, 9, 6]},
			"faces": {
				"north": {"uv": [0, 0, 0.25, 14], "texture": "#2"},
				"east": {"uv": [0, 0, 0.25, 14], "texture": "#2"},
				"south": {"uv": [0, 0, 0.25, 14], "texture": "#missing"},
				"west": {"uv": [0, 0, 0.25, 14], "texture": "#2"},
				"up": {"uv": [0, 0, 0.25, 0.25], "texture": "#2"},
				"down": {"uv": [0, 0, 0.25, 0.25], "texture": "#missing"}
			}
		},
		{
			"from": [7.75, 8.75, 8.5],
			"to": [8, 22.75, 8.75],
			"rotation": {"angle": 0, "axis": "y", "origin": [6.5, 9, 7.25]},
			"faces": {
				"north": {"uv": [0, 0, 0.25, 14], "texture": "#missing"},
				"east": {"uv": [0, 0, 0.25, 14], "texture": "#2"},
				"south": {"uv": [0, 0, 0.25, 14], "texture": "#2"},
				"west": {"uv": [0, 0, 0.25, 14], "texture": "#2"},
				"up": {"uv": [0, 0, 0.25, 0.25], "texture": "#2"},
				"down": {"uv": [0, 0, 0.25, 0.25], "texture": "#missing"}
			}
		},
		{
			"from": [7.75, 22.75, 7.75],
			"to": [8, 23.75, 8.25],
			"rotation": {"angle": 0, "axis": "y", "origin": [6.5, 12, 6]},
			"faces": {
				"north": {"uv": [0, 0, 0.25, 1], "texture": "#missing"},
				"east": {"uv": [0, 0, 0.5, 1], "texture": "#0"},
				"south": {"uv": [0, 0, 0.25, 1], "texture": "#missing"},
				"west": {"uv": [0, 0, 0.5, 1], "texture": "#0"},
				"up": {"uv": [0, 0, 0.25, 0.5], "texture": "#missing"},
				"down": {"uv": [0, 0, 0.25, 0.5], "texture": "#missing"}
			}
		},
		{
			"from": [7.75, 23.75, 7.75],
			"to": [8, 24.75, 8.25],
			"rotation": {"angle": 0, "axis": "y", "origin": [6.5, 13, 6]},
			"faces": {
				"north": {"uv": [0, 0, 0.25, 1], "texture": "#2"},
				"east": {"uv": [0, 0, 0.5, 1], "texture": "#2"},
				"south": {"uv": [0, 0, 0.25, 1], "texture": "#2"},
				"west": {"uv": [0, 0, 0.5, 1], "texture": "#2"},
				"up": {"uv": [0, 0, 0.25, 0.5], "texture": "#2"},
				"down": {"uv": [0, 0, 0.25, 0.5], "texture": "#missing"}
			}
		},
		{
			"from": [7.75, 22.75, 7.5],
			"to": [8, 23.75, 7.75],
			"rotation": {"angle": 0, "axis": "y", "origin": [6.5, 12, 6]},
			"faces": {
				"north": {"uv": [0, 0, 0.25, 1], "texture": "#2"},
				"east": {"uv": [0, 0, 0.25, 1], "texture": "#2"},
				"south": {"uv": [0, 0, 0.25, 1], "texture": "#missing"},
				"west": {"uv": [0, 0, 0.25, 1], "texture": "#2"},
				"up": {"uv": [0, 0, 0.25, 0.25], "texture": "#2"},
				"down": {"uv": [0, 0, 0.25, 0.25], "texture": "#missing"}
			}
		},
		{
			"from": [7.75, 22.75, 8.25],
			"to": [8, 23.75, 8.5],
			"rotation": {"angle": 0, "axis": "y", "origin": [6.5, 12, 6.75]},
			"faces": {
				"north": {"uv": [0, 0, 0.25, 1], "texture": "#missing"},
				"east": {"uv": [0, 0, 0.25, 1], "texture": "#2"},
				"south": {"uv": [0, 0, 0.25, 1], "texture": "#2"},
				"west": {"uv": [0, 0, 0.25, 1], "texture": "#2"},
				"up": {"uv": [0, 0, 0.25, 0.25], "texture": "#2"},
				"down": {"uv": [0, 0, 0.25, 0.25], "texture": "#missing"}
			}
		},
		{
			"from": [7.75, 7.75, 7.75],
			"to": [8.25, 9, 8.25],
			"rotation": {"angle": 0, "axis": "y", "origin": [6.5, 7.75, 6.5]},
			"faces": {
				"north": {"uv": [0, 0, 0.5, 1.25], "texture": "#1"},
				"east": {"uv": [0, 0, 0.5, 1.25], "texture": "#1"},
				"south": {"uv": [0, 0, 0.5, 1.25], "texture": "#1"},
				"west": {"uv": [0, 0, 0.5, 1.25], "texture": "#1"},
				"up": {"uv": [0, 0, 0.5, 0.5], "texture": "#2"},
				"down": {"uv": [0, 0, 0.5, 0.5], "texture": "#missing"}
			}
		}
	],
	"display": {
		"thirdperson_righthand": {
			"translation": [0, 3, 0]
		},
		"thirdperson_lefthand": {
			"translation": [0, 3, 0]
		},
		"firstperson_righthand": {
			"translation": [3.5, -0.75, 0]
		},
		"firstperson_lefthand": {
			"translation": [3.5, -0.75, 0]
		},
		"gui": {
			"rotation": [-90, -45, -90],
			"translation": [-2, -2, 0],
			"scale": [0.75, 0.75, 0.75]
		}
	}
}