{
	"credit": "Made with Blockbench",
	"textures": {
		"0": "block/starlitblade",
		"particle": "block/starlitblade"
	},
	"elements": [
		{
			"from": [7, 0, 7],
			"to": [9, 1, 9],
			"rotation": {"angle": 0, "axis": "y", "origin": [7, 0, 7]},
			"faces": {
				"north": {"uv": [4, 13, 6, 14], "texture": "#0"},
				"east": {"uv": [13, 4, 15, 5], "texture": "#0"},
				"south": {"uv": [13, 5, 15, 6], "texture": "#0"},
				"west": {"uv": [6, 13, 8, 14], "texture": "#0"},
				"up": {"uv": [13, 12, 11, 10], "texture": "#0"},
				"down": {"uv": [2, 12, 0, 14], "texture": "#0"}
			}
		},
		{
			"from": [6.75, 5, 7],
			"to": [9.25, 5.5, 9],
			"rotation": {"angle": 0, "axis": "y", "origin": [7, 5, 7]},
			"faces": {
				"north": {"uv": [12, 2, 15, 3], "texture": "#0"},
				"east": {"uv": [13, 6, 15, 7], "texture": "#0"},
				"south": {"uv": [12, 3, 15, 4], "texture": "#0"},
				"west": {"uv": [13, 7, 15, 8], "texture": "#0"},
				"up": {"uv": [11, 2, 8, 0], "texture": "#0"},
				"down": {"uv": [11, 2, 8, 4], "texture": "#0"}
			}
		},
		{
			"from": [8, 5, 6],
			"to": [9.75, 5.5, 7],
			"rotation": {"angle": -45, "axis": "y", "origin": [8.25, 5, 6]},
			"faces": {
				"north": {"uv": [13, 8, 15, 9], "texture": "#0"},
				"east": {"uv": [7, 14, 8, 15], "texture": "#0"},
				"south": {"uv": [13, 9, 15, 10], "texture": "#0"},
				"west": {"uv": [8, 14, 9, 15], "texture": "#0"},
				"up": {"uv": [15, 11, 13, 10], "texture": "#0"},
				"down": {"uv": [15, 11, 13, 12], "texture": "#0"}
			}
		},
		{
			"from": [7.25, 5, 6.75],
			"to": [8.25, 5.5, 8],
			"rotation": {"angle": -45, "axis": "y", "origin": [8.25, 5, 7]},
			"faces": {
				"north": {"uv": [9, 14, 10, 15], "texture": "#0"},
				"east": {"uv": [10, 14, 11, 15], "texture": "#0"},
				"south": {"uv": [13, 14, 14, 15], "texture": "#0"},
				"west": {"uv": [14, 14, 15, 15], "texture": "#0"},
				"up": {"uv": [16, 1, 15, 0], "texture": "#0"},
				"down": {"uv": [16, 1, 15, 2], "texture": "#0"}
			}
		},
		{
			"from": [7.5, 5, 7.75],
			"to": [8.5, 5.5, 9.5],
			"rotation": {"angle": -45, "axis": "y", "origin": [7.5, 5, 9.25]},
			"faces": {
				"north": {"uv": [15, 2, 16, 3], "texture": "#0"},
				"east": {"uv": [13, 12, 15, 13], "texture": "#0"},
				"south": {"uv": [15, 3, 16, 4], "texture": "#0"},
				"west": {"uv": [13, 13, 15, 14], "texture": "#0"},
				"up": {"uv": [1, 16, 0, 14], "texture": "#0"},
				"down": {"uv": [15, 0, 14, 2], "texture": "#0"}
			}
		},
		{
			"from": [7.5, 5, 8.75],
			"to": [8.5, 5.5, 10],
			"rotation": {"angle": 45, "axis": "y", "origin": [7.5, 5, 9.75]},
			"faces": {
				"north": {"uv": [15, 4, 16, 5], "texture": "#0"},
				"east": {"uv": [5, 15, 6, 16], "texture": "#0"},
				"south": {"uv": [15, 5, 16, 6], "texture": "#0"},
				"west": {"uv": [6, 15, 7, 16], "texture": "#0"},
				"up": {"uv": [16, 7, 15, 6], "texture": "#0"},
				"down": {"uv": [8, 15, 7, 16], "texture": "#0"}
			}
		},
		{
			"from": [7.25, 1, 7.25],
			"to": [8.75, 5, 8.75],
			"rotation": {"angle": 0, "axis": "y", "origin": [7, 1, 7]},
			"faces": {
				"north": {"uv": [4, 0, 6, 4], "texture": "#0"},
				"east": {"uv": [4, 4, 6, 8], "texture": "#0"},
				"south": {"uv": [6, 0, 8, 4], "texture": "#0"},
				"west": {"uv": [6, 4, 8, 8], "texture": "#0"},
				"up": {"uv": [14, 2, 12, 0], "texture": "#0"},
				"down": {"uv": [4, 12, 2, 14], "texture": "#0"}
			}
		},
		{
			"from": [7.5, 5.5, 7],
			"to": [8.5, 25.5, 8],
			"rotation": {"angle": 0, "axis": "y", "origin": [7.5, 5.5, 7]},
			"faces": {
				"north": {"uv": [0, 0, 1, 12], "texture": "#0"},
				"east": {"uv": [1, 0, 2, 12], "texture": "#0"},
				"south": {"uv": [2, 0, 3, 12], "texture": "#0"},
				"west": {"uv": [3, 0, 4, 12], "texture": "#0"},
				"up": {"uv": [16, 8, 15, 7], "texture": "#0"},
				"down": {"uv": [9, 15, 8, 16], "texture": "#0"}
			}
		},
		{
			"from": [7.85, 5.5, 8],
			"to": [8.1, 13.5, 9],
			"rotation": {"angle": 0, "axis": "y", "origin": [7.6, 5.5, 7]},
			"faces": {
				"north": {"uv": [7, 8, 8, 13], "texture": "#0"},
				"east": {"uv": [9, 4, 10, 9], "texture": "#0"},
				"south": {"uv": [8, 9, 9, 14], "texture": "#0"},
				"west": {"uv": [9, 9, 10, 14], "texture": "#0"},
				"up": {"uv": [16, 9, 15, 8], "texture": "#0"},
				"down": {"uv": [10, 15, 9, 16], "texture": "#0"}
			}
		},
		{
			"from": [7.85, 13.5, 8.5],
			"to": [8.1, 20.5, 9.5],
			"rotation": {"angle": 0, "axis": "y", "origin": [7.6, 15.5, 7.5]},
			"faces": {
				"north": {"uv": [10, 4, 11, 9], "texture": "#0"},
				"east": {"uv": [10, 9, 11, 14], "texture": "#0"},
				"south": {"uv": [11, 0, 12, 5], "texture": "#0"},
				"west": {"uv": [11, 5, 12, 10], "texture": "#0"},
				"up": {"uv": [16, 10, 15, 9], "texture": "#0"},
				"down": {"uv": [11, 15, 10, 16], "texture": "#0"}
			}
		},
		{
			"from": [7.85, 20.5, 8],
			"to": [8.1, 25.5, 9],
			"rotation": {"angle": 0, "axis": "y", "origin": [7.6, 22.5, 7]},
			"faces": {
				"north": {"uv": [12, 4, 13, 7], "texture": "#0"},
				"east": {"uv": [12, 7, 13, 10], "texture": "#0"},
				"south": {"uv": [11, 12, 12, 15], "texture": "#0"},
				"west": {"uv": [12, 12, 13, 15], "texture": "#0"},
				"up": {"uv": [16, 11, 15, 10], "texture": "#0"},
				"down": {"uv": [12, 15, 11, 16], "texture": "#0"}
			}
		},
		{
			"from": [7.85, 25.5, 7],
			"to": [8.1, 27.5, 8],
			"rotation": {"angle": 0, "axis": "y", "origin": [7.6, 25.5, 6.5]},
			"faces": {
				"north": {"uv": [1, 14, 2, 16], "texture": "#0"},
				"east": {"uv": [2, 14, 3, 16], "texture": "#0"},
				"south": {"uv": [3, 14, 4, 16], "texture": "#0"},
				"west": {"uv": [4, 14, 5, 16], "texture": "#0"},
				"up": {"uv": [16, 12, 15, 11], "texture": "#0"},
				"down": {"uv": [13, 15, 12, 16], "texture": "#0"}
			}
		},
		{
			"from": [7.75, 13.5, 8],
			"to": [8.25, 20.5, 8.5],
			"rotation": {"angle": 0, "axis": "y", "origin": [7.5, 10.5, 7.5]},
			"faces": {
				"north": {"uv": [4, 8, 5, 13], "texture": "#0"},
				"east": {"uv": [8, 4, 9, 9], "texture": "#0"},
				"south": {"uv": [5, 8, 6, 13], "texture": "#0"},
				"west": {"uv": [6, 8, 7, 13], "texture": "#0"},
				"up": {"uv": [6, 15, 5, 14], "texture": "#0"},
				"down": {"uv": [7, 14, 6, 15], "texture": "#0"}
			}
		}
	],
	"display": {
		"thirdperson_righthand": {
			"rotation": [-180, 0, 180],
			"translation": [0, 3, 0]
		},
		"thirdperson_lefthand": {
			"translation": [0, 3, 0]
		},
		"firstperson_righthand": {
			"translation": [3, -5.5, 0]
		},
		"firstperson_lefthand": {
			"translation": [3, -5.5, 0]
		},
		"gui": {
			"rotation": [-90, -45, -90],
			"translation": [-2, -2.5, 0],
			"scale": [0.75, 0.75, 1]
		}
	}
}