{
	"credit": "Made with Blockbench",
	"texture_size": [32, 32],
	"textures": {
		"0": "./sacredslicer1",
		"1": "./sacredslicer2",
		"4": "./sacredslicer5",
		"5": "./sacredslicer6",
		"6": "./sacredslicer7",
		"particle": "./sacredslicer1"
	},
	"elements": [
		{
			"from": [7, 0, 7],
			"to": [9, 1, 9],
			"rotation": {"angle": 0, "axis": "y", "origin": [7, 0, 7]},
			"faces": {
				"north": {"uv": [2, 0, 4, 1], "texture": "#0"},
				"east": {"uv": [2, 1, 4, 2], "texture": "#0"},
				"south": {"uv": [2, 2, 4, 3], "texture": "#0"},
				"west": {"uv": [2, 3, 4, 4], "texture": "#0"},
				"up": {"uv": [2, 2, 0, 0], "texture": "#0"},
				"down": {"uv": [2, 2, 0, 4], "texture": "#0"}
			}
		},
		{
			"from": [6.75, 7, 7],
			"to": [9.25, 8, 9],
			"rotation": {"angle": 0, "axis": "y", "origin": [7, 7, 7]},
			"faces": {
				"north": {"uv": [0, 0, 2.5, 1], "texture": "#0"},
				"east": {"uv": [0, 0, 2, 1], "texture": "#0"},
				"south": {"uv": [0, 0, 2.5, 1], "texture": "#0"},
				"west": {"uv": [0, 0, 2, 1], "texture": "#0"},
				"up": {"uv": [0, 0, 2.5, 2], "texture": "#0"},
				"down": {"uv": [0, 0, 2.5, 2], "texture": "#0"}
			}
		},
		{
			"from": [9.2, 7.2, 7],
			"to": [11.7, 8.2, 9],
			"rotation": {"angle": 45, "axis": "z", "origin": [9.45, 7.2, 7]},
			"faces": {
				"north": {"uv": [0, 0, 2.5, 1], "texture": "#0"},
				"east": {"uv": [0, 0, 2, 1], "texture": "#0"},
				"south": {"uv": [0, 0, 2.5, 1], "texture": "#0"},
				"west": {"uv": [0, 0, 2, 1], "texture": "#0"},
				"up": {"uv": [0, 0, 2.5, 2], "texture": "#0"},
				"down": {"uv": [0, 0, 2.5, 2], "texture": "#0"}
			}
		},
		{
			"from": [4.9, 8.55, 7],
			"to": [7.4, 9.55, 9],
			"rotation": {"angle": -45, "axis": "z", "origin": [5.15, 8.55, 7]},
			"faces": {
				"north": {"uv": [0, 0, 2.5, 1], "texture": "#0"},
				"east": {"uv": [0, 0, 2, 1], "texture": "#0"},
				"south": {"uv": [0, 0, 2.5, 1], "texture": "#0"},
				"west": {"uv": [0, 0, 2, 1], "texture": "#0"},
				"up": {"uv": [0, 0, 2.5, 2], "texture": "#0"},
				"down": {"uv": [0, 0, 2.5, 2], "texture": "#0"}
			}
		},
		{
			"from": [4.15, 8.05, 7.75],
			"to": [6.65, 8.8, 8.25],
			"rotation": {"angle": -22.5, "axis": "z", "origin": [4.4, 7.8, 7.5]},
			"faces": {
				"north": {"uv": [0, 0, 3, 1], "texture": "#4"},
				"east": {"uv": [0, 2, 1, 3], "texture": "#4"},
				"south": {"uv": [0, 0, 3, 1], "texture": "#4"},
				"west": {"uv": [0, 2, 1, 3], "texture": "#4"},
				"up": {"uv": [3, 2, 0, 1], "texture": "#4"},
				"down": {"uv": [3, 1, 0, 2], "texture": "#4"}
			}
		},
		{
			"from": [9.4, 7.3, 7.75],
			"to": [11.9, 8.05, 8.25],
			"rotation": {"angle": 22.5, "axis": "z", "origin": [9.65, 7.05, 7.5]},
			"faces": {
				"north": {"uv": [0, 0, 3, 1], "texture": "#4"},
				"east": {"uv": [0, 2, 1, 3], "texture": "#4"},
				"south": {"uv": [0, 0, 3, 1], "texture": "#4"},
				"west": {"uv": [0, 2, 1, 3], "texture": "#4"},
				"up": {"uv": [3, 2, 0, 1], "texture": "#4"},
				"down": {"uv": [3, 1, 0, 2], "texture": "#4"}
			}
		},
		{
			"from": [7.25, 1, 7.25],
			"to": [8.75, 7, 8.75],
			"rotation": {"angle": 0, "axis": "y", "origin": [7, 1, 7]},
			"faces": {
				"north": {"uv": [0, 0, 2, 4], "texture": "#1"},
				"east": {"uv": [2, 0, 4, 4], "texture": "#1"},
				"south": {"uv": [0, 4, 2, 8], "texture": "#1"},
				"west": {"uv": [4, 0, 6, 4], "texture": "#1"},
				"up": {"uv": [4, 6, 2, 4], "texture": "#1"},
				"down": {"uv": [6, 4, 4, 6], "texture": "#1"}
			}
		},
		{
			"from": [7.25, 8, 7.75],
			"to": [8.75, 26, 8.25],
			"rotation": {"angle": 0, "axis": "y", "origin": [7, 8, 7]},
			"faces": {
				"north": {"uv": [0, 0, 1, 9], "texture": "#6"},
				"east": {"uv": [2, 0, 2.5, 9], "texture": "#6"},
				"south": {"uv": [1, 0, 2, 9], "texture": "#6"},
				"west": {"uv": [2.5, 0, 3, 9], "texture": "#6"},
				"up": {"uv": [4, 0.5, 3, 0], "texture": "#6"},
				"down": {"uv": [4, 0.5, 3, 1], "texture": "#6"}
			}
		},
		{
			"from": [8.75, 7.75, 8],
			"to": [9.75, 26.5, 8],
			"rotation": {"angle": 0, "axis": "y", "origin": [9.5, 8, 7.25]},
			"faces": {
				"north": {"uv": [0, 0, 0.5, 9.5], "texture": "#5"},
				"east": {"uv": [0, 0, 0, 9.5], "texture": "#5"},
				"south": {"uv": [0.5, 0, 1, 9.5], "texture": "#5"},
				"west": {"uv": [0, 0, 0, 9.5], "texture": "#5"},
				"up": {"uv": [0.5, 0, 0, 0], "texture": "#5"},
				"down": {"uv": [0.5, 0, 0, 0], "texture": "#5"}
			}
		},
		{
			"from": [7.25, 26, 8],
			"to": [8.75, 29, 8],
			"rotation": {"angle": 0, "axis": "y", "origin": [8.25, 8, 7.25]},
			"faces": {
				"north": {"uv": [0, 0, 0.5, 9.5], "texture": "#5"},
				"east": {"uv": [0, 0, 0, 9.5], "texture": "#5"},
				"south": {"uv": [0.5, 0, 1, 9.5], "texture": "#5"},
				"west": {"uv": [0, 0, 0, 9.5], "texture": "#5"},
				"up": {"uv": [0.5, 0, 0, 0], "texture": "#5"},
				"down": {"uv": [0.5, 0, 0, 0], "texture": "#5"}
			}
		},
		{
			"from": [6.25, 7.75, 8],
			"to": [7.25, 26.5, 8],
			"rotation": {"angle": 0, "axis": "y", "origin": [7, 8, 7.25]},
			"faces": {
				"north": {"uv": [0, 0, 0.5, 9.5], "texture": "#5"},
				"east": {"uv": [0, 0, 0, 9.5], "texture": "#5"},
				"south": {"uv": [0.5, 0, 1, 9.5], "texture": "#5"},
				"west": {"uv": [0, 0, 0, 9.5], "texture": "#5"},
				"up": {"uv": [0.5, 0, 0, 0], "texture": "#5"},
				"down": {"uv": [0.5, 0, 0, 0], "texture": "#5"}
			}
		}
	],
	"display": {
		"thirdperson_righthand": {
			"rotation": [-90, -90, -90],
			"translation": [0, 2.25, 0]
		},
		"thirdperson_lefthand": {
			"translation": [0, 3, 0]
		},
		"firstperson_righthand": {
			"translation": [3, -5.5, 0]
		},
		"firstperson_lefthand": {
			"translation": [3, -5.5, 0]
		},
		"gui": {
			"rotation": [-90, -45, -90],
			"translation": [-2, -2.5, 0],
			"scale": [0.75, 0.75, 1]
		}
	}
}