{
    "providers": [
        {
            "type": "bitmap",
            "file": "custom:font/sword.png",
            "ascent": 7,
            "height": 8,
            "chars": [ "\u00d5" ]
        },
        {
            "type": "bitmap",
            "file": "custom:font/player.png",
            "ascent": 7,
            "height": 8,
            "chars": [ "\u00e5" ]
        },
        {
            "type": "bitmap",
            "file": "custom:font/crown.png",
            "ascent": 7,
            "height": 8,
            "chars": [ "\u00c6" ]
        },
        {
            "type": "bitmap",
            "file": "custom:font/youtube.png",
            "ascent": 7,
            "height": 8,
            "chars": [ "\u010a" ]
        },
        {
            "type": "bitmap",
            "file": "custom:font/discord.png",
            "ascent": 7,
            "height": 8,
            "chars": [ "\u0110" ]
        },
        {
            "type": "bitmap",
            "file": "custom:font/diamond.png",
            "ascent": 7,
            "height": 8,
            "chars": [ "\u0256" ]
        },
        {
            "type": "bitmap",
            "file": "custom:font/map.png",
            "ascent": 7,
            "height": 8,
            "chars": [ "\u00d8" ]
        }
    ]
}
