{
	"credit": "Made with Blockbench",
	"texture_size": [64, 64],
	"textures": {
		"2": "./swordpack"
	},
	"elements": [
		{
			"from": [12.25, 1.25, 8],
			"to": [14.25, 3.25, 8],
			"rotation": {"angle": -45, "axis": "z", "origin": [12.25, 1.25, 6]},
			"faces": {
				"north": {"uv": [0, 0, 0.5, 0.5], "texture": "#2"},
				"east": {"uv": [0, 0, 0, 0.5], "texture": "#missing"},
				"south": {"uv": [0, 0, 0.5, 0.5], "texture": "#2"},
				"west": {"uv": [0, 0, 0, 0.5], "texture": "#missing"},
				"up": {"uv": [0, 0, 0.5, 0], "texture": "#missing"},
				"down": {"uv": [0, 0, 0.5, 0], "texture": "#missing"}
			}
		},
		{
			"from": [9.5, 1.25, 8],
			"to": [11.5, 3.25, 8],
			"rotation": {"angle": -45, "axis": "z", "origin": [9.5, 1.25, 6]},
			"faces": {
				"north": {"uv": [0, 0, 0.5, 0.5], "texture": "#2"},
				"east": {"uv": [0, 0, 0, 0.5], "texture": "#missing"},
				"south": {"uv": [0, 0, 0.5, 0.5], "texture": "#2"},
				"west": {"uv": [0, 0, 0, 0.5], "texture": "#missing"},
				"up": {"uv": [0, 0, 0.5, 0], "texture": "#missing"},
				"down": {"uv": [0, 0, 0.5, 0], "texture": "#missing"}
			}
		},
		{
			"from": [6.75, 1.25, 8],
			"to": [8.75, 3.25, 8],
			"rotation": {"angle": -45, "axis": "z", "origin": [6.75, 1.25, 6]},
			"faces": {
				"north": {"uv": [0, 0, 0.5, 0.5], "texture": "#2"},
				"east": {"uv": [0, 0, 0, 0.5], "texture": "#missing"},
				"south": {"uv": [0, 0, 0.5, 0.5], "texture": "#2"},
				"west": {"uv": [0, 0, 0, 0.5], "texture": "#missing"},
				"up": {"uv": [0, 0, 0.5, 0], "texture": "#missing"},
				"down": {"uv": [0, 0, 0.5, 0], "texture": "#missing"}
			}
		},
		{
			"from": [4, 1.25, 8],
			"to": [6, 3.25, 8],
			"rotation": {"angle": -45, "axis": "z", "origin": [4, 1.25, 6]},
			"faces": {
				"north": {"uv": [0, 0, 0.5, 0.5], "texture": "#2"},
				"east": {"uv": [0, 0, 0, 0.5], "texture": "#missing"},
				"south": {"uv": [0, 0, 0.5, 0.5], "texture": "#2"},
				"west": {"uv": [0, 0, 0, 0.5], "texture": "#missing"},
				"up": {"uv": [0, 0, 0.5, 0], "texture": "#missing"},
				"down": {"uv": [0, 0, 0.5, 0], "texture": "#missing"}
			}
		},
		{
			"from": [1.25, 1.25, 8],
			"to": [3.25, 3.25, 8],
			"rotation": {"angle": -45, "axis": "z", "origin": [1.25, 1.25, 6]},
			"faces": {
				"north": {"uv": [0, 0, 0.5, 0.5], "texture": "#2"},
				"east": {"uv": [0, 0, 0, 0.5], "texture": "#missing"},
				"south": {"uv": [0, 0, 0.5, 0.5], "texture": "#2"},
				"west": {"uv": [0, 0, 0, 0.5], "texture": "#missing"},
				"up": {"uv": [0, 0, 0.5, 0], "texture": "#missing"},
				"down": {"uv": [0, 0, 0.5, 0], "texture": "#missing"}
			}
		},
		{
			"from": [1, 2.75, 6.75],
			"to": [15.25, 4.75, 8.75],
			"rotation": {"angle": 45, "axis": "x", "origin": [1, 2.75, 6.75]},
			"faces": {
				"north": {"uv": [0, 0, 14, 2], "texture": "#missing"},
				"east": {"uv": [0, 14, 2, 16], "texture": "#2"},
				"south": {"uv": [0, 15.25, 16, 16], "texture": "#2"},
				"west": {"uv": [0, 14, 2, 16], "texture": "#2"},
				"up": {"uv": [14, 6, 0, 4], "texture": "#missing"},
				"down": {"uv": [16, 15.25, 0, 16], "texture": "#2"}
			}
		},
		{
			"from": [12.25, 25.25, 8],
			"to": [14.25, 27.25, 8],
			"rotation": {"angle": -45, "axis": "z", "origin": [12.25, 25.25, 6]},
			"faces": {
				"north": {"uv": [0, 0, 0.5, 0.5], "texture": "#2"},
				"east": {"uv": [0, 0, 0, 0.5], "texture": "#missing"},
				"south": {"uv": [0, 0, 0.5, 0.5], "texture": "#2"},
				"west": {"uv": [0, 0, 0, 0.5], "texture": "#missing"},
				"up": {"uv": [0, 0, 0.5, 0], "texture": "#missing"},
				"down": {"uv": [0, 0, 0.5, 0], "texture": "#missing"}
			}
		},
		{
			"from": [9.5, 25.25, 8],
			"to": [11.5, 27.25, 8],
			"rotation": {"angle": -45, "axis": "z", "origin": [9.5, 25.25, 6]},
			"faces": {
				"north": {"uv": [0, 0, 0.5, 0.5], "texture": "#2"},
				"east": {"uv": [0, 0, 0, 0.5], "texture": "#missing"},
				"south": {"uv": [0, 0, 0.5, 0.5], "texture": "#2"},
				"west": {"uv": [0, 0, 0, 0.5], "texture": "#missing"},
				"up": {"uv": [0, 0, 0.5, 0], "texture": "#missing"},
				"down": {"uv": [0, 0, 0.5, 0], "texture": "#missing"}
			}
		},
		{
			"from": [6.75, 25.25, 8],
			"to": [8.75, 27.25, 8],
			"rotation": {"angle": -45, "axis": "z", "origin": [6.75, 25.25, 6]},
			"faces": {
				"north": {"uv": [0, 0, 0.5, 0.5], "texture": "#2"},
				"east": {"uv": [0, 0, 0, 0.5], "texture": "#missing"},
				"south": {"uv": [0, 0, 0.5, 0.5], "texture": "#2"},
				"west": {"uv": [0, 0, 0, 0.5], "texture": "#missing"},
				"up": {"uv": [0, 0, 0.5, 0], "texture": "#missing"},
				"down": {"uv": [0, 0, 0.5, 0], "texture": "#missing"}
			}
		},
		{
			"from": [4, 25.25, 8],
			"to": [6, 27.25, 8],
			"rotation": {"angle": -45, "axis": "z", "origin": [4, 25.25, 6]},
			"faces": {
				"north": {"uv": [0, 0, 0.5, 0.5], "texture": "#2"},
				"east": {"uv": [0, 0, 0, 0.5], "texture": "#missing"},
				"south": {"uv": [0, 0, 0.5, 0.5], "texture": "#2"},
				"west": {"uv": [0, 0, 0, 0.5], "texture": "#missing"},
				"up": {"uv": [0, 0, 0.5, 0], "texture": "#missing"},
				"down": {"uv": [0, 0, 0.5, 0], "texture": "#missing"}
			}
		},
		{
			"from": [1.25, 25.25, 8],
			"to": [3.25, 27.25, 8],
			"rotation": {"angle": -45, "axis": "z", "origin": [1.25, 25.25, 6]},
			"faces": {
				"north": {"uv": [0, 0, 0.5, 0.5], "texture": "#2"},
				"east": {"uv": [0, 0, 0, 0.5], "texture": "#missing"},
				"south": {"uv": [0, 0, 0.5, 0.5], "texture": "#2"},
				"west": {"uv": [0, 0, 0, 0.5], "texture": "#missing"},
				"up": {"uv": [0, 0, 0.5, 0], "texture": "#missing"},
				"down": {"uv": [0, 0, 0.5, 0], "texture": "#missing"}
			}
		},
		{
			"from": [1, 23.75, 6.75],
			"to": [15.25, 25.75, 8.75],
			"rotation": {"angle": 45, "axis": "x", "origin": [1, 23.75, 6.75]},
			"faces": {
				"north": {"uv": [0, 0, 15.75, 1.25], "texture": "#2"},
				"east": {"uv": [0, 14, 2, 16], "texture": "#2"},
				"south": {"uv": [0, 0, 3.5625, 0.5], "texture": "#missing"},
				"west": {"uv": [0, 14, 2, 16], "texture": "#2"},
				"up": {"uv": [0, 0, 16, 1.25], "texture": "#2"},
				"down": {"uv": [0, 0, 3.5625, 0.5], "texture": "#missing"}
			}
		},
		{
			"from": [1, 2.75, 6.75],
			"to": [15.25, 23.75, 9.75],
			"rotation": {"angle": 0, "axis": "x", "origin": [1, 4.75, 7.25]},
			"faces": {
				"north": {"uv": [0, 0, 16, 15.75], "texture": "#2"},
				"east": {"uv": [0, 0, 0.75, 16], "texture": "#2"},
				"south": {"uv": [0, 0, 16, 16], "texture": "#2"},
				"west": {"uv": [15.25, 0, 16, 16], "texture": "#2"},
				"up": {"uv": [16, 0.75, 0, 0], "texture": "#2"},
				"down": {"uv": [16, 0, 0, 0.75], "texture": "#2"}
			}
		}
	]
}