{
	"credit": "Made with Blockbench",
	"textures": {
		"0": "defaultsword1",
		"1": "defaultsword2",
		"2": "defaultsword3",
		"3": "defaultsword4",
		"particle": "defaultsword1"
	},
	"elements": [
		{
			"from": [7, 0, 7],
			"to": [9, 1, 9],
			"rotation": {"angle": 0, "axis": "y", "origin": [7, 0, 7]},
			"faces": {
				"north": {"uv": [2, 0, 4, 1], "texture": "#0"},
				"east": {"uv": [2, 1, 4, 2], "texture": "#0"},
				"south": {"uv": [2, 2, 4, 3], "texture": "#0"},
				"west": {"uv": [2, 3, 4, 4], "texture": "#0"},
				"up": {"uv": [2, 2, 0, 0], "texture": "#0"},
				"down": {"uv": [2, 2, 0, 4], "texture": "#0"}
			}
		},
		{
			"from": [6.75, 5, 7],
			"to": [9.25, 6, 9],
			"rotation": {"angle": 0, "axis": "y", "origin": [7, 5, 7]},
			"faces": {
				"north": {"uv": [0, 0, 2.5, 1], "texture": "#0"},
				"east": {"uv": [0, 0, 2, 1], "texture": "#0"},
				"south": {"uv": [0, 0, 2.5, 1], "texture": "#0"},
				"west": {"uv": [0, 0, 2, 1], "texture": "#0"},
				"up": {"uv": [0, 0, 2.5, 2], "texture": "#0"},
				"down": {"uv": [0, 0, 2.5, 2], "texture": "#0"}
			}
		},
		{
			"from": [8, 5, 6],
			"to": [9.75, 6, 7],
			"rotation": {"angle": -45, "axis": "y", "origin": [8.25, 5, 6]},
			"faces": {
				"north": {"uv": [0, 0, 1.75, 1], "texture": "#0"},
				"east": {"uv": [0, 0, 1, 1], "texture": "#0"},
				"south": {"uv": [0, 0, 1.75, 1], "texture": "#0"},
				"west": {"uv": [0, 0, 1, 1], "texture": "#0"},
				"up": {"uv": [0, 0, 1.75, 1], "texture": "#0"},
				"down": {"uv": [0, 0, 1.75, 1], "texture": "#0"}
			}
		},
		{
			"from": [7.25, 5, 6.75],
			"to": [8.25, 6, 8],
			"rotation": {"angle": -45, "axis": "y", "origin": [8.25, 5, 7]},
			"faces": {
				"north": {"uv": [0, 0, 1, 1], "texture": "#0"},
				"east": {"uv": [0, 0, 1.25, 1], "texture": "#0"},
				"south": {"uv": [0, 0, 1, 1], "texture": "#0"},
				"west": {"uv": [0, 0, 1.25, 1], "texture": "#0"},
				"up": {"uv": [0, 0, 1.25, 1], "rotation": 90, "texture": "#0"},
				"down": {"uv": [0, 0, 1.25, 1], "rotation": 270, "texture": "#0"}
			}
		},
		{
			"from": [7.5, 5, 7.75],
			"to": [8.5, 6, 9.5],
			"rotation": {"angle": -45, "axis": "y", "origin": [7.5, 5, 9.25]},
			"faces": {
				"north": {"uv": [0, 0, 1, 1], "texture": "#0"},
				"east": {"uv": [0, 0, 1.75, 1], "texture": "#0"},
				"south": {"uv": [0, 0, 1, 1], "texture": "#0"},
				"west": {"uv": [0, 0, 1.75, 1], "texture": "#0"},
				"up": {"uv": [0, 0, 1.75, 1], "rotation": 270, "texture": "#0"},
				"down": {"uv": [0, 0, 1.75, 1], "rotation": 90, "texture": "#0"}
			}
		},
		{
			"from": [7.5, 5, 8.75],
			"to": [8.5, 6, 10],
			"rotation": {"angle": 45, "axis": "y", "origin": [7.5, 5, 9.75]},
			"faces": {
				"north": {"uv": [0, 0, 1, 1], "texture": "#0"},
				"east": {"uv": [0, 0, 1.25, 1], "texture": "#0"},
				"south": {"uv": [0, 0, 1, 1], "texture": "#0"},
				"west": {"uv": [0, 0, 1.25, 1], "texture": "#0"},
				"up": {"uv": [0, 0, 1.25, 1], "rotation": 270, "texture": "#0"},
				"down": {"uv": [0, 0, 1.25, 1], "rotation": 90, "texture": "#0"}
			}
		},
		{
			"from": [8, 6, 7.5],
			"to": [8.25, 16, 8.25],
			"rotation": {"angle": -22.5, "axis": "y", "origin": [8, 6, 7.25]},
			"faces": {
				"north": {"uv": [0, 0, 0.25, 10], "texture": "#missing"},
				"east": {"uv": [0, 0, 0.75, 10], "texture": "#missing"},
				"south": {"uv": [0, 0, 0.25, 10], "texture": "#missing"},
				"west": {"uv": [0, 0, 0.75, 10], "texture": "#3"},
				"up": {"uv": [0, 0, 0.25, 0.75], "texture": "#3"},
				"down": {"uv": [0, 0, 0.25, 0.75], "texture": "#missing"}
			}
		},
		{
			"from": [7.75, 16, 7.75],
			"to": [8, 22, 8.5],
			"rotation": {"angle": 22.5, "axis": "y", "origin": [7.75, 15, 7.5]},
			"faces": {
				"north": {"uv": [0, 0, 0.25, 6], "texture": "#3"},
				"east": {"uv": [0, 0, 0.75, 6], "texture": "#3"},
				"south": {"uv": [0, 0, 0.25, 6], "texture": "#missing"},
				"west": {"uv": [0, 0, 0.75, 6], "texture": "#missing"},
				"up": {"uv": [0, 0, 0.25, 0.75], "texture": "#3"},
				"down": {"uv": [0, 0, 0.25, 0.75], "texture": "#missing"}
			}
		},
		{
			"from": [8, 16, 7.75],
			"to": [8.25, 22, 8.5],
			"rotation": {"angle": -22.5, "axis": "y", "origin": [8, 15, 7.5]},
			"faces": {
				"north": {"uv": [0, 0, 0.25, 6], "texture": "#missing"},
				"east": {"uv": [0, 0, 0.75, 6], "texture": "#missing"},
				"south": {"uv": [0, 0, 0.25, 6], "texture": "#missing"},
				"west": {"uv": [0, 0, 0.75, 6], "texture": "#3"},
				"up": {"uv": [0, 0, 0.25, 0.75], "texture": "#3"},
				"down": {"uv": [0, 0, 0.25, 0.75], "texture": "#missing"}
			}
		},
		{
			"from": [7.75, 22, 8.25],
			"to": [8, 25, 9],
			"rotation": {"angle": 22.5, "axis": "y", "origin": [7.75, 18, 8]},
			"faces": {
				"north": {"uv": [0, 0, 0.25, 3], "texture": "#missing"},
				"east": {"uv": [0, 0, 0.75, 3], "texture": "#3"},
				"south": {"uv": [0, 0, 0.25, 3], "texture": "#missing"},
				"west": {"uv": [0, 0, 0.75, 3], "texture": "#missing"},
				"up": {"uv": [0, 0, 0.25, 0.75], "texture": "#3"},
				"down": {"uv": [0, 0, 0.25, 0.75], "texture": "#missing"}
			}
		},
		{
			"from": [8, 22, 8],
			"to": [8.25, 25, 8.75],
			"rotation": {"angle": -22.5, "axis": "y", "origin": [8, 18, 7.75]},
			"faces": {
				"north": {"uv": [0, 0, 0.25, 3], "texture": "#3"},
				"east": {"uv": [0, 0, 0.75, 3], "texture": "#missing"},
				"south": {"uv": [0, 0, 0.25, 3], "texture": "#missing"},
				"west": {"uv": [0, 0, 0.75, 3], "texture": "#3"},
				"up": {"uv": [0, 0, 0.25, 0.75], "texture": "#3"},
				"down": {"uv": [0, 0, 0.25, 0.75], "texture": "#missing"}
			}
		},
		{
			"from": [7.75, 6, 7.5],
			"to": [8, 16, 8.25],
			"rotation": {"angle": 22.5, "axis": "y", "origin": [7.75, 6, 7.25]},
			"faces": {
				"north": {"uv": [0, 0, 1, 10], "texture": "#3"},
				"east": {"uv": [1, 0, 2, 10], "texture": "#3"},
				"south": {"uv": [2, 0, 3, 10], "texture": "#3"},
				"west": {"uv": [3, 0, 4, 10], "texture": "#3"},
				"up": {"uv": [5, 1, 4, 0], "texture": "#3"},
				"down": {"uv": [5, 1, 4, 2], "texture": "#3"}
			}
		},
		{
			"from": [7.25, 1, 7.25],
			"to": [8.75, 5, 8.75],
			"rotation": {"angle": 0, "axis": "y", "origin": [7, 1, 7]},
			"faces": {
				"north": {"uv": [0, 0, 2, 4], "texture": "#1"},
				"east": {"uv": [2, 0, 4, 4], "texture": "#1"},
				"south": {"uv": [0, 4, 2, 8], "texture": "#1"},
				"west": {"uv": [4, 0, 6, 4], "texture": "#1"},
				"up": {"uv": [4, 6, 2, 4], "texture": "#1"},
				"down": {"uv": [6, 4, 4, 6], "texture": "#1"}
			}
		},
		{
			"from": [7.5, 6, 8],
			"to": [8.5, 16, 8.5],
			"rotation": {"angle": 0, "axis": "y", "origin": [7.5, 7, 6.5]},
			"faces": {
				"north": {"uv": [0, 0, 1, 10], "texture": "#2"},
				"east": {"uv": [1, 0, 2, 10], "texture": "#2"},
				"south": {"uv": [2, 0, 3, 10], "texture": "#2"},
				"west": {"uv": [3, 0, 4, 10], "texture": "#2"},
				"up": {"uv": [5, 1, 4, 0], "texture": "#2"},
				"down": {"uv": [5, 1, 4, 2], "texture": "#2"}
			}
		},
		{
			"from": [7.5, 16, 8.25],
			"to": [8.5, 22, 8.75],
			"rotation": {"angle": 0, "axis": "y", "origin": [7.5, 13, 6.75]},
			"faces": {
				"north": {"uv": [0, 0, 1, 6], "texture": "#2"},
				"east": {"uv": [0, 0, 0.5, 6], "texture": "#2"},
				"south": {"uv": [0, 0, 1, 6], "texture": "#2"},
				"west": {"uv": [0, 0, 0.5, 6], "texture": "#2"},
				"up": {"uv": [0, 0, 1, 0.5], "texture": "#2"},
				"down": {"uv": [0, 0, 1, 0.5], "texture": "#2"}
			}
		},
		{
			"from": [7.5, 22, 8.5],
			"to": [8.5, 25, 9],
			"rotation": {"angle": 0, "axis": "y", "origin": [7.5, 16, 7]},
			"faces": {
				"north": {"uv": [0, 0, 1, 3], "texture": "#2"},
				"east": {"uv": [0, 0, 0.5, 3], "texture": "#2"},
				"south": {"uv": [0, 0, 1, 3], "texture": "#2"},
				"west": {"uv": [0, 0, 0.5, 3], "texture": "#2"},
				"up": {"uv": [0, 0, 1, 0.5], "texture": "#2"},
				"down": {"uv": [0, 0, 1, 0.5], "texture": "#2"}
			}
		},
		{
			"from": [7.75, 25, 8.75],
			"to": [8.25, 25.5, 9.75],
			"rotation": {"angle": -45, "axis": "x", "origin": [8, 24.75, 9.25]},
			"faces": {
				"north": {"uv": [0, 0, 1, 1], "texture": "#missing"},
				"east": {"uv": [0, 1, 1, 2], "texture": "#3"},
				"south": {"uv": [1, 0, 2, 1], "texture": "#3"},
				"west": {"uv": [1, 1, 2, 2], "texture": "#3"},
				"up": {"uv": [1, 3, 0, 2], "texture": "#3"},
				"down": {"uv": [3, 0, 2, 1], "texture": "#2"}
			}
		}
	],
	"display": {
		"thirdperson_righthand": {
			"translation": [0, 3, 0]
		},
		"thirdperson_lefthand": {
			"translation": [0, 3, 0]
		},
		"firstperson_righthand": {
			"translation": [3, -5.5, 0]
		},
		"firstperson_lefthand": {
			"translation": [3, -5.5, 0]
		},
		"gui": {
			"rotation": [-90, -45, -90],
			"translation": [-2, -2.5, 0],
			"scale": [0.75, 0.75, 1]
		}
	}
}