{
	"credit": "Made with Blockbench",
	"textures": {
		"0": "./texture1",
		"1": "./texture2",
		"2": "./texture3",
		"3": "./texture4",
		"particle": "./texture1"
	},
	"elements": [
		{
			"from": [6.75, 0, 7],
			"to": [9.25, 1, 9],
			"rotation": {"angle": 0, "axis": "y", "origin": [7, 0, 7]},
			"faces": {
				"north": {"uv": [3, 0, 6, 1], "texture": "#0"},
				"east": {"uv": [3, 2, 5, 3], "texture": "#0"},
				"south": {"uv": [3, 1, 6, 2], "texture": "#0"},
				"west": {"uv": [3, 3, 5, 4], "texture": "#0"},
				"up": {"uv": [3, 2, 0, 0], "texture": "#0"},
				"down": {"uv": [3, 2, 0, 4], "texture": "#0"}
			}
		},
		{
			"from": [6.75, 6, 6],
			"to": [9.25, 7, 7],
			"rotation": {"angle": 0, "axis": "y", "origin": [7, 6, 6]},
			"faces": {
				"north": {"uv": [3, 0, 6, 1], "texture": "#0"},
				"east": {"uv": [3, 2, 5, 3], "texture": "#0"},
				"south": {"uv": [3, 1, 6, 2], "texture": "#0"},
				"west": {"uv": [3, 3, 5, 4], "texture": "#0"},
				"up": {"uv": [3, 2, 0, 0], "texture": "#0"},
				"down": {"uv": [3, 2, 0, 4], "texture": "#0"}
			}
		},
		{
			"from": [6.75, 6, 9],
			"to": [9.25, 7, 10],
			"rotation": {"angle": 0, "axis": "y", "origin": [7, 6, 9]},
			"faces": {
				"north": {"uv": [3, 0, 6, 1], "texture": "#0"},
				"east": {"uv": [3, 2, 5, 3], "texture": "#0"},
				"south": {"uv": [3, 1, 6, 2], "texture": "#0"},
				"west": {"uv": [3, 3, 5, 4], "texture": "#0"},
				"up": {"uv": [3, 2, 0, 0], "texture": "#0"},
				"down": {"uv": [3, 2, 0, 4], "texture": "#0"}
			}
		},
		{
			"from": [6.5, 6, 7],
			"to": [9.5, 7, 9],
			"rotation": {"angle": 0, "axis": "y", "origin": [7, 6, 7]},
			"faces": {
				"north": {"uv": [3, 0, 6, 1], "texture": "#0"},
				"east": {"uv": [3, 2, 5, 3], "texture": "#0"},
				"south": {"uv": [3, 1, 6, 2], "texture": "#0"},
				"west": {"uv": [3, 3, 5, 4], "texture": "#0"},
				"up": {"uv": [3, 2, 0, 0], "texture": "#0"},
				"down": {"uv": [3, 2, 0, 4], "texture": "#0"}
			}
		},
		{
			"from": [7.25, 7, 8.25],
			"to": [8.75, 22, 8.75],
			"rotation": {"angle": 0, "axis": "y", "origin": [7, 7, 6.75]},
			"faces": {
				"north": {"uv": [0, 0, 2, 1], "texture": "#2"},
				"east": {"uv": [2, 1, 3, 2], "texture": "#2"},
				"south": {"uv": [0, 1, 2, 2], "texture": "#2"},
				"west": {"uv": [2, 2, 3, 3], "texture": "#2"},
				"up": {"uv": [2, 3, 0, 2], "texture": "#2"},
				"down": {"uv": [4, 0, 2, 1], "texture": "#2"}
			}
		},
		{
			"from": [8, 6, 7.25],
			"to": [8.25, 22, 8.5],
			"rotation": {"angle": -22.5, "axis": "y", "origin": [8, 6, 7]},
			"faces": {
				"north": {"uv": [0, 0, 0.25, 16], "texture": "#missing"},
				"east": {"uv": [0, 0, 1.25, 16], "texture": "#missing"},
				"south": {"uv": [0, 0, 0.25, 16], "texture": "#missing"},
				"west": {"uv": [0, 0, 1.25, 16], "texture": "#3"},
				"up": {"uv": [0, 0, 0.25, 1.25], "texture": "#3"},
				"down": {"uv": [0, 0, 0.25, 1.25], "texture": "#missing"}
			}
		},
		{
			"from": [7.75, 21, 7.5],
			"to": [8, 30, 8.75],
			"rotation": {"angle": 22.5, "axis": "y", "origin": [7.75, 16, 7.25]},
			"faces": {
				"north": {"uv": [0, 0, 1, 16], "texture": "#3"},
				"east": {"uv": [1, 0, 2, 16], "texture": "#3"},
				"south": {"uv": [2, 0, 3, 16], "texture": "#3"},
				"west": {"uv": [3, 0, 4, 16], "texture": "#3"},
				"up": {"uv": [5, 1, 4, 0], "texture": "#3"},
				"down": {"uv": [5, 1, 4, 2], "texture": "#3"}
			}
		},
		{
			"from": [7.25, 22, 8.5],
			"to": [8.75, 30, 9],
			"rotation": {"angle": 0, "axis": "y", "origin": [7, 17, 7]},
			"faces": {
				"north": {"uv": [0, 0, 2, 1], "texture": "#2"},
				"east": {"uv": [2, 1, 3, 2], "texture": "#2"},
				"south": {"uv": [0, 1, 2, 2], "texture": "#2"},
				"west": {"uv": [2, 2, 3, 3], "texture": "#2"},
				"up": {"uv": [2, 3, 0, 2], "texture": "#2"},
				"down": {"uv": [4, 0, 2, 1], "texture": "#2"}
			}
		},
		{
			"from": [8, 21, 7.5],
			"to": [8.25, 30, 8.75],
			"rotation": {"angle": -22.5, "axis": "y", "origin": [8, 16, 7.25]},
			"faces": {
				"north": {"uv": [0, 0, 0.25, 9], "texture": "#missing"},
				"east": {"uv": [0, 0, 1.25, 9], "texture": "#missing"},
				"south": {"uv": [0, 0, 0.25, 9], "texture": "#missing"},
				"west": {"uv": [0, 0, 1.25, 9], "texture": "#3"},
				"up": {"uv": [0, 0, 0.25, 1.25], "texture": "#3"},
				"down": {"uv": [0, 0, 0.25, 1.25], "texture": "#missing"}
			}
		},
		{
			"from": [7.75, 6, 7.25],
			"to": [8, 22, 8.5],
			"rotation": {"angle": 22.5, "axis": "y", "origin": [7.75, 6, 7]},
			"faces": {
				"north": {"uv": [0, 0, 1, 16], "texture": "#3"},
				"east": {"uv": [1, 0, 2, 16], "texture": "#3"},
				"south": {"uv": [2, 0, 3, 16], "texture": "#3"},
				"west": {"uv": [3, 0, 4, 16], "texture": "#3"},
				"up": {"uv": [5, 1, 4, 0], "texture": "#3"},
				"down": {"uv": [5, 1, 4, 2], "texture": "#3"}
			}
		},
		{
			"from": [8, 0, 6],
			"to": [9.75, 1, 7],
			"rotation": {"angle": -45, "axis": "y", "origin": [8.25, 0, 6]},
			"faces": {
				"north": {"uv": [0, 4, 2, 5], "texture": "#0"},
				"east": {"uv": [5, 3, 6, 4], "texture": "#0"},
				"south": {"uv": [2, 4, 4, 5], "texture": "#0"},
				"west": {"uv": [0, 6, 1, 7], "texture": "#0"},
				"up": {"uv": [6, 5, 4, 4], "texture": "#0"},
				"down": {"uv": [2, 5, 0, 6], "texture": "#0"}
			}
		},
		{
			"from": [7.25, 0, 6.75],
			"to": [8.25, 1, 8],
			"rotation": {"angle": -45, "axis": "y", "origin": [8.25, 0, 7]},
			"faces": {
				"north": {"uv": [6, 0, 7, 1], "texture": "#0"},
				"east": {"uv": [1, 6, 2, 7], "texture": "#0"},
				"south": {"uv": [6, 1, 7, 2], "texture": "#0"},
				"west": {"uv": [2, 6, 3, 7], "texture": "#0"},
				"up": {"uv": [4, 7, 3, 6], "texture": "#0"},
				"down": {"uv": [7, 3, 6, 4], "texture": "#0"}
			}
		},
		{
			"from": [7.5, 0, 8.75],
			"to": [8.5, 1, 10],
			"rotation": {"angle": 45, "axis": "y", "origin": [7.5, 0, 9.75]},
			"faces": {
				"north": {"uv": [6, 4, 7, 5], "texture": "#0"},
				"east": {"uv": [6, 5, 7, 6], "texture": "#0"},
				"south": {"uv": [6, 6, 7, 7], "texture": "#0"},
				"west": {"uv": [0, 7, 1, 8], "texture": "#0"},
				"up": {"uv": [8, 1, 7, 0], "texture": "#0"},
				"down": {"uv": [2, 7, 1, 8], "texture": "#0"}
			}
		},
		{
			"from": [7.5, 0, 7.75],
			"to": [8.5, 1, 9.5],
			"rotation": {"angle": -45, "axis": "y", "origin": [7.5, 0, 9.25]},
			"faces": {
				"north": {"uv": [7, 1, 8, 2], "texture": "#0"},
				"east": {"uv": [2, 5, 4, 6], "texture": "#0"},
				"south": {"uv": [2, 7, 3, 8], "texture": "#0"},
				"west": {"uv": [5, 2, 7, 3], "texture": "#0"},
				"up": {"uv": [5, 7, 4, 5], "texture": "#0"},
				"down": {"uv": [6, 5, 5, 7], "texture": "#0"}
			}
		},
		{
			"from": [8.25, 1, 6.75],
			"to": [9.75, 5.5, 8.25],
			"rotation": {"angle": -45, "axis": "y", "origin": [8, 1, 6.5]},
			"faces": {
				"north": {"uv": [0, 0, 2, 4], "texture": "#1"},
				"east": {"uv": [2, 0, 4, 4], "texture": "#1"},
				"south": {"uv": [0, 4, 2, 8], "texture": "#1"},
				"west": {"uv": [4, 0, 6, 4], "texture": "#1"},
				"up": {"uv": [4, 6, 2, 4], "texture": "#1"},
				"down": {"uv": [6, 4, 4, 6], "texture": "#1"}
			}
		},
		{
			"from": [8, 5.5, 6.5],
			"to": [10, 6, 8.5],
			"rotation": {"angle": -45, "axis": "y", "origin": [8, 1, 6.5]},
			"faces": {
				"north": {"uv": [0, 0, 2, 4], "texture": "#1"},
				"east": {"uv": [2, 0, 4, 4], "texture": "#1"},
				"south": {"uv": [0, 4, 2, 8], "texture": "#1"},
				"west": {"uv": [4, 0, 6, 4], "texture": "#1"},
				"up": {"uv": [4, 6, 2, 4], "texture": "#1"},
				"down": {"uv": [6, 4, 4, 6], "texture": "#1"}
			}
		},
		{
			"from": [7.5, 29.75, 8],
			"to": [8.5, 31.75, 9],
			"rotation": {"angle": 22.5, "axis": "x", "origin": [6.5, 29.75, 8]},
			"faces": {
				"north": {"uv": [0, 0, 1, 2], "texture": "#3"},
				"east": {"uv": [0, 0, 1, 2], "texture": "#3"},
				"south": {"uv": [0, 0, 1, 2], "texture": "#2"},
				"west": {"uv": [0, 0, 1, 2], "texture": "#3"},
				"up": {"uv": [0, 0, 1, 1], "texture": "#3"},
				"down": {"uv": [0, 0, 1, 1], "texture": "#missing"}
			}
		}
	],
	"display": {
		"thirdperson_righthand": {
			"translation": [0, 2.5, 0]
		},
		"thirdperson_lefthand": {
			"translation": [0, 2.25, 0]
		},
		"firstperson_righthand": {
			"translation": [2.75, -12, 0.5]
		},
		"firstperson_lefthand": {
			"translation": [2.75, -12, 0.5]
		},
		"gui": {
			"rotation": [-90, -45, -90],
			"translation": [-2.75, -4.25, 0],
			"scale": [0.7, 0.7, 0.7]
		}
	}
}